{
  "OurBall": {
    "InPath": {
      "MyBall": {
        "!Pass": [
          0,
          0,
          0,
          0,
          0,
          0,
          0,
          0,
          0,
          0,
          0,
          0,
          0,
          0
        ],
        "Goal": [
          0,
          0.28,
          0.23,
          0,
          0,
          0,
          0.26,
          0.27,
          0.65,
          1,
          1,
          0,
          0,
          0
        ],
        "Pass": [
          0,
          0.2,
          0,
          0,
          0,
          0.81,
          0.25,
          0.6,
          0,
          1,
          0,
          1,
          1,
          0
        ]
      },
      "FriendBall": {
        "!Pass": [
          0,
          0,
          0,
          0,
          0,
          0,
          0,
          0,
          0,
          1,
          0,
          0,
          0,
          0
        ],
        "Pass": [
          0,
          0.5700000000000001,
          0.25,
          0,
          0,
          0,
          0.24,
          0.89,
          0.05,
          0.01,
          0.63,
          0.85,
          1,
          0
        ]
      }
    },
    "!InPath": {
      "LPass": [
        0,
        0.38,
        0.4,
        0.4,
        0,
        0.25,
        0,
        0.46,
        0.6,
        0,
        1,
        0,
        0.7000000000000001,
        0
      ],
      "!LPass": [
        0,
        0.19,
        0,
        0.22,
        0,
        0.76,
        0.3,
        0.68,
        0.34,
        0,
        0.65,
        0.3,
        0.74,
        0
      ]
    },
    "Transition": [
      1,
      0,
      0,
      0.0,
      0.0,
      0.0,
      0,
      0.0,
      0.0,
      0.23,
      0.62,
      1,
      0,
      0
    ]
  },
  "!OurBall": {
    "NearBall": {
      "Timeout": [
        0.34,
        0.16,
        0,
        0.43,
        0,
        1,
        0,
        0.22,
        0.0,
        0.0,
        0,
        0.31,
        0.53,
        0
      ],
      "!Timeout": [
        0.34,
        0.16,
        0,
        0.43,
        0,
        1,
        0.0,
        0.0,
        0.0,
        0.0,
        0.0,
        0.0,
        0.0,
        0
      ]
    },
    "!NearBall": {
      "Defending": [
        0,
        0.51,
        0.2,
        0.5,
        0,
        0.14,
        0.46,
        0.37,
        0.26,
        0,
        1,
        0.8300000000000001,
        0,
        0
      ],
      "!Defending": [
        0,
        0,
        0,
        0,
        0,
        0,
        0.0,
        1,
        0,
        0,
        0,
        0,
        0,
        0
      ]
    }
  }
}